player_name,team_id,player_id,mentor_id
Royce O'Neale,1610612762,1626220,202397
Bojan Bogdanovic,1610612762,202711,202687
Rudy Gobert,1610612762,203497,2073
Donovan Mitchell,1610612762,1628378,1628960
Mike Conley,1610612762,201144,1626150
Joe Ingles,1610612762,204060,204066
Ed Davis,1610612762,202334,203519
Jeff Green,1610612762,201145,201589
Dante Exum,1610612762,203957,1737
Emmanuel Mudiay,1610612762,1626144,200789
Georges Niang,1610612762,1627777,1627733
Tony Bradley,1610612762,1628396,202396
Nigel Williams-Goss,1610612762,1628430,1627772
Tobias Harris,1610612755,202699,1626210
Al Horford,1610612755,201143,201154
Joel Embiid,1610612755,203954,203508
Furkan Korkmaz,1610612755,1627788,202708
Ben Simmons,1610612755,1627732,203960
James Ennis III,1610612755,203516,201570
Mike Scott,1610612755,203118,204024
Raul Neto,1610612755,203526,203146
Matisse Thybulle,1610612755,1629680,202331
Shake Milton,1610612755,1629003,1628460
Kyle O'Quinn,1610612755,203124,200847
Norvel Pelle,1610612755,203658,203517
Kevin Knox II,1610612752,1628995,201567
Julius Randle,1610612752,203944,202682
Taj Gibson,1610612752,201959,201993
RJ Barrett,1610612752,1629628,1629825
Dennis Smith Jr.,1610612752,1628372,202685
Wayne Ellington,1610612752,201961,203588
Mitchell Robinson,1610612752,1629011,202377
Damyean Dotson,1610612752,1628422,2757
Bobby Portis,1610612752,1626171,204078
Allonzo Trier,1610612752,1629019,202689
Ignas Brazdeikis,1610612752,1629649,1629236
Kadeem Allen,1610612752,1628443,1629675
Khris Middleton,1610612749,203114,1629652
Giannis Antetokounmpo,1610612749,203507,1626166
Robin Lopez,1610612749,201577,203087
Wesley Matthews,1610612749,202083,2041
Eric Bledsoe,1610612749,202339,2747
Donte DiVincenzo,1610612749,1628978,202238
Ersan Ilyasova,1610612749,101141,1626191
Pat Connaughton,1610612749,1626192,202130
George Hill,1610612749,201588,200792
D.J. Wilson,1610612749,1628391,203893
Kyle Korver,1610612749,2594,1629146
Dragan Bender,1610612749,1627733,203589
Thanasis Antetokounmpo,1610612749,203648,1629186
Kris Dunn,1610612741,1627739,1627771
Lauri Markkanen,1610612741,1628374,101129
Wendell Carter Jr.,1610612741,1628976,948
Zach LaVine,1610612741,203897,200749
Tomas Satoransky,1610612741,203107,201166
Coby White,1610612741,1629632,1629093
Thaddeus Young,1610612741,201152,1627846
Ryan Arcidiacono,1610612741,1627853,2039
Denzel Valentine,1610612741,1627756,202082
Daniel Gafford,1610612741,1629655,1628420
Shaquille Harrison,1610612741,1627885,101131
Luke Kornet,1610612741,1628436,201157
Max Strus,1610612741,1629622,1627821
Harrison Barnes,1610612758,203084,1629232
Nemanja Bjelica,1610612758,202357,101214
Richaun Holmes,1610612758,1626158,1628464
Buddy Hield,1610612758,1627741,203501
Cory Joseph,1610612758,202709,1630
Bogdan Bogdanovic,1610612758,203992,203950
Justin James,1610612758,1629713,1626257
Trevor Ariza,1610612758,2772,201168
Dewayne Dedmon,1610612758,203473,1629019
Yogi Ferrell,1610612758,1627812,1628370
Harry Giles III,1610612758,1628385,203798
Kyle Guy,1610612758,1629657,202344
Caleb Swanigan,1610612758,1628403,1626196
Kelly Oubre Jr.,1610612756,1626162,1627888
Dario Saric,1610612756,203967,203484
Frank Kaminsky,1610612756,1626163,201802
Devin Booker,1610612756,1626164,202956
Ricky Rubio,1610612756,201937,1628972
Mikal Bridges,1610612756,1628969,1628515
Ty Jerome,1610612756,1629660,1629630
Cameron Johnson,1610612756,1629661,2419
Jevon Carter,1610612756,1628975,2632
Aron Baynes,1610612756,203382,202620
Tyler Johnson,1610612756,204020,1627848
Elie Okobo,1610612756,1629059,201582
Miles Bridges,1610612766,1628970,203932
P.J. Washington,1610612766,1629023,1628452
Bismack Biyombo,1610612766,202687,200760
Devonte' Graham,1610612766,1628984,2420
Terry Rozier,1610612766,1626179,203136
Nicolas Batum,1610612766,201587,201967
Cody Zeller,1610612766,203469,1626295
Marvin Williams,1610612766,101107,1627762
Malik Monk,1610612766,1628370,201566
Dwayne Bacon,1610612766,1628407,101153
Willy Hernangomez,1610612766,1626195,203496
Michael Kidd-Gilchrist,1610612766,203077,2056
T.J. Warren,1610612754,203933,1626171
Domantas Sabonis,1610612754,1627734,203472
Myles Turner,1610612754,1626167,1628405
Jeremy Lamb,1610612754,203087,1629734
Malcolm Brogdon,1610612754,1627763,204001
Justin Holiday,1610612754,203200,203996
Aaron Holiday,1610612754,1628988,2413
T.J. McConnell,1610612754,204456,2749
Doug McDermott,1610612754,203926,101194
Goga Bitadze,1610612754,1629048,2422
Alize Johnson,1610612754,1628993,201943
TJ Leaf,1610612754,1628388,101161
Solomon Hill,1610612763,203524,101232
Jae Crowder,1610612763,203109,703
Jaren Jackson Jr.,1610612763,1628991,203467
Dillon Brooks,1610612763,1628415,203966
Tyus Jones,1610612763,1626145,1628436
De'Anthony Melton,1610612763,1629001,101217
Grayson Allen,1610612763,1628960,203949
Bruno Caboclo,1610612763,203998,203901
Marko Guduric,1610612763,1629741,1628407
Kyle Anderson,1610612763,203937,2561
Brandon Clarke,1610612763,1629634,1629245
Jonas Valanciunas,1610612763,202685,203174
Yuta Watanabe,1610612763,1629139,201242
Eric Paschall,1610612744,1629672,101189
Kevon Looney,1610612744,1626172,201612
Willie Cauley-Stein,1610612744,1626161,1627745
Glenn Robinson III,1610612744,203922,1626179
Alec Burks,1610612744,202692,203133
Ky Bowman,1610612744,1629065,2562
Marquese Chriss,1610612744,1627737,1626149
Jordan Poole,1610612744,1629673,1627850
Omari Spellman,1610612744,1629016,283
Jacob Evans,1610612744,1628980,2212
Draymond Green,1610612744,203110,1626276
De'Andre Hunter,1610612737,1629631,101141
Jabari Parker,1610612737,203953,1628419
Damian Jones,1610612737,1627745,1629139
DeAndre' Bembry,1610612737,1627761,201588
Trae Young,1610612737,1629027,1629632
Vince Carter,1610612737,1713,204062
Alex Len,1610612737,203458,1628516
Cam Reddish,1610612737,1629629,201573
Evan Turner,1610612737,202323,1628417
Tyrone Wallace,1610612737,1627820,202347
Bruno Fernando,1610612737,1628981,1629203
Brandon Goodwin,1610612737,1629164,203658
Chandler Parsons,1610612737,202718,201611
Jimmy Butler,1610612748,202710,1626261
Bam Adebayo,1610612748,1628389,1626204
Meyers Leonard,1610612748,203086,2550
Duncan Robinson,1610612748,1629130,203967
Kendrick Nunn,1610612748,1629134,101160
Goran Dragic,1610612748,201609,203479
Justise Winslow,1610612748,1626159,1628422
Chris Silva,1610612748,1629735,203956
Tyler Herro,1610612748,1629639,1629678
Kelly Olynyk,1610612748,203482,1628451
Derrick Jones Jr.,1610612748,1627884,1498
Udonis Haslem,1610612748,2617,201776
James Johnson,1610612748,201949,203474
Joe Harris,1610612751,203925,1629018
Taurean Prince,1610612751,1627752,1629006
Jarrett Allen,1610612751,1628386,1626224
Garrett Temple,1610612751,202066,1629037
Spencer Dinwiddie,1610612751,203915,201150
Dzanan Musa,1610612751,1629058,201590
DeAndre Jordan,1610612751,201599,1629826
Iman Shumpert,1610612751,202697,1628980
David Nwaba,1610612751,1628021,203512
Theo Pinson,1610612751,1629033,1628041
Nicolas Claxton,1610612751,1629651,203162
Treveon Graham,1610612750,1626203,203128
Robert Covington,1610612750,203496,203101
Karl-Anthony Towns,1610612750,1626157,2248
Jarrett Culver,1610612750,1629633,201189
Andrew Wiggins,1610612750,203952,203556
Jeff Teague,1610612750,201952,204076
Josh Okogie,1610612750,1629006,1628176
Shabazz Napier,1610612750,203894,1628517
Keita Bates-Diop,1610612750,1628966,202726
Gorgui Dieng,1610612750,203476,201979
Jordan Bell,1610612750,1628395,203098
Naz Reid,1610612750,1629675,101120
Noah Vonleh,1610612750,203943,203530
Dorian Finney-Smith,1610612742,1627827,200918
Kristaps Porzingis,1610612742,204001,1626160
Dwight Powell,1610612742,203939,1628399
Tim Hardaway Jr.,1610612742,203501,101204
Luka Doncic,1610612742,1629029,1629599
Delon Wright,1610612742,1626153,201605
Seth Curry,1610612742,203552,1626175
Maxi Kleber,1610612742,1628467,1629151
Jalen Brunson,1610612742,1628973,1629145
Justin Jackson,1610612742,1628382,203107
Boban Marjanovic,1610612742,1626246,202178
J.J. Barea,1610612742,200826,1629756
Courtney Lee,1610612742,201584,201998
LeBron James,1610612747,2544,200769
Anthony Davis,1610612747,203076,1629045
JaVale McGee,1610612747,201580,201604
Danny Green,1610612747,201980,203930
Kentavious Caldwell-Pope,1610612747,203484,1628512
Kyle Kuzma,1610612747,1628398,203547
Alex Caruso,1610612747,1627936,201336
Rajon Rondo,1610612747,200765,1626280
Troy Daniels,1610612747,203584,1628988
Dwight Howard,1610612747,2730,1629185
Jared Dudley,1610612747,201162,1629676
Quinn Cook,1610612747,1626188,1626203
DeMar DeRozan,1610612759,201942,202723
Rudy Gay,1610612759,200752,1627841
Jakob Poeltl,1610612759,1627751,202076
Derrick White,1610612759,1628401,1629000
Bryn Forbes,1610612759,1627854,1628971
Dejounte Murray,1610612759,1627749,202704
Patty Mills,1610612759,201988,1629672
Trey Lyles,1610612759,1626168,202695
Drew Eubanks,1610612759,1629234,1629137
Marco Belinelli,1610612759,201158,202406
Lonnie Walker IV,1610612759,1629022,203155
DeMarre Carroll,1610612759,201960,202417
Chimezie Metu,1610612759,1629002,1629962
Tony Snell,1610612765,203503,203176
Blake Griffin,1610612765,201933,201152
Andre Drummond,1610612765,203083,1627775
Luke Kennard,1610612765,1628379,203945
Bruce Brown,1610612765,1628971,201609
Langston Galloway,1610612765,204038,1628961
Derrick Rose,1610612765,201565,201143
Markieff Morris,1610612765,202693,2223
Svi Mykhailiuk,1610612765,1629004,1629117
Christian Wood,1610612765,1626174,1627875
Thon Maker,1610612765,1627748,1628429
Tim Frazier,1610612765,204025,1629541
Sekou Doumbouya,1610612765,1629635,1628379
Terrance Ferguson,1610612760,1628390,200772
Danilo Gallinari,1610612760,201568,202074
Steven Adams,1610612760,203500,203921
Shai Gilgeous-Alexander,1610612760,1628983,203100
Chris Paul,1610612760,101108,203648
Nerlens Noel,1610612760,203457,203955
Dennis Schroder,1610612760,203471,202714
Abdel Nader,1610612760,1627846,2048
Darius Bazley,1610612760,1629647,1629134
Deonte Burton,1610612760,1629126,1627747
Devon Hall,1610612760,1628985,201041
Mike Muscala,1610612760,203488,1629669
Jrue Holiday,1610612740,201950,1627938
Brandon Ingram,1610612740,1627742,1629026
Jahlil Okafor,1610612740,1626143,2555
JJ Redick,1610612740,200755,203917
Lonzo Ball,1610612740,1628366,1629631
Jaxson Hayes,1610612740,1629637,1626289
Josh Hart,1610612740,1628404,200817
E'Twaun Moore,1610612740,202734,200807
Nicolo Melli,1610612740,1629740,201182
Nickeil Alexander-Walker,1610612740,1629638,1629745
Derrick Favors,1610612740,202324,101108
Frank Jackson,1610612740,1628402,201976
Kenrich Williams,1610612740,1629026,203164
Jonathan Isaac,1610612753,1628371,2215
Aaron Gordon,1610612753,203932,200839
Khem Birch,1610612753,203920,500032
Evan Fournier,1610612753,203095,1626288
Markelle Fultz,1610612753,1628365,1626245
Wes Iwundu,1610612753,1628411,1747
D.J. Augustin,1610612753,201571,1629011
Mo Bamba,1610612753,1628964,101107
Terrence Ross,1610612753,203082,1627735
Melvin Frazier Jr.,1610612753,1628982,1627827
Amile Jefferson,1610612753,1628518,1627883
Josh Magette,1610612753,203705,202325
OG Anunoby,1610612761,1628384,203992
Pascal Siakam,1610612761,1627783,1628381
Marc Gasol,1610612761,201188,201225
Norman Powell,1610612761,1626181,2060
Fred VanVleet,1610612761,1627832,1629033
Serge Ibaka,1610612761,201586,203206
Rondae Hollis-Jefferson,1610612761,1626178,1515
Terence Davis,1610612761,1629056,1627098
Chris Boucher,1610612761,1628449,711
Oshae Brissett,1610612761,1629052,202959
Malcolm Miller,1610612761,1626259,1627748
Dewan Hernandez,1610612761,1629608,202069
Shamorie Ponds,1610612761,1629044,1627817
Troy Brown Jr.,1610612764,1628972,1628493
Rui Hachimura,1610612764,1629060,201934
Thomas Bryant,1610612764,1628418,1626148
Bradley Beal,1610612764,203078,202713
Isaiah Thomas,1610612764,202738,1626259
Davis Bertans,1610612764,202722,201234
Ish Smith,1610612764,202397,202065
Jordan McRae,1610612764,203895,2046
Isaac Bonga,1610612764,1629067,1962936495
Chris Chiozza,1610612764,1629185,201446
Ian Mahinmi,1610612764,101133,202732
Moritz Wagner,1610612764,1629021,1628973
Kawhi Leonard,1610612746,202695,202912
Maurice Harkless,1610612746,203090,1628492
Ivica Zubac,1610612746,1627826,203546
Paul George,1610612746,202331,2734
Patrick Beverley,1610612746,201976,1626181
Lou Williams,1610612746,101150,1628402
Montrezl Harrell,1610612746,1626149,1629002
JaMychal Green,1610612746,203210,1626270
Jerome Robinson,1610612746,1629010,201592
Terance Mann,1610612746,1629611,202078
Patrick Patterson,1610612746,202335,201164
Derrick Walton Jr.,1610612746,1628476,202349
Mfiondu Kabengele,1610612746,1629662,201632
Jaylen Brown,1610612738,1627759,203924
Jayson Tatum,1610612738,1628369,203178
Daniel Theis,1610612738,1628464,203951
Marcus Smart,1610612738,203935,202389
Kemba Walker,1610612738,202689,202716
Enes Kanter,1610612738,202683,1626780
Grant Williams,1610612738,1629684,204222
Javonte Green,1610612738,1629750,202874
Brad Wanamaker,1610612738,202954,101211
Robert Williams III,1610612738,1629057,202197
Semi Ojeleye,1610612738,1628400,203079
Carsen Edwards,1610612738,1629035,203909
Vincent Poirier,1610612738,1629738,204026
Frank Ntilikina,1610612752,1628373,1725
Marcus Morris Sr.,1610612752,202694,1629050
Allen Crabbe,1610612737,203459,201188
Ben McLemore,1610612745,203463,203580
P.J. Tucker,1610612745,200782,1899
Tyson Chandler,1610612745,2199,202699
James Harden,1610612745,201935,1628456
Russell Westbrook,1610612745,201566,202333
Isaiah Hartenstein,1610612745,1628392,1627886
Austin Rivers,1610612745,203085,203159
Gary Clark,1610612745,1629109,200757
Thabo Sefolosha,1610612745,200757,203906
Chris Clemons,1610612745,1629598,204034
Clint Capela,1610612745,203991,1628656
Frank Mason,1610612749,1628412,203962
Will Barton,1610612743,203115,203566
Paul Millsap,1610612743,200794,202175
Nikola Jokic,1610612743,203999,203494
Gary Harris,1610612743,203914,1626154
Jamal Murray,1610612743,1627750,1629129
Jerami Grant,1610612743,203924,2216
Juancho Hernangomez,1610612743,1627823,1733
Monte Morris,1610612743,1628420,203923
Mason Plumlee,1610612743,203486,1628392
Malik Beasley,1610612743,1627736,202338
Torrey Craig,1610612743,1628470,202872
Michael Porter Jr.,1610612743,1629008,2404
Wenyen Gabriel,1610612758,1629117,203579
Trey Burke,1610612755,203504,201584
Zhaire Smith,1610612755,1629015,1629679
Miye Oni,1610612762,1629671,1627885
Ja Morant,1610612763,1629630,1629131
Rodney Hood,1610612757,203918,200766
Carmelo Anthony,1610612757,2546,1629726
Hassan Whiteside,1610612757,202355,202071
CJ McCollum,1610612757,203468,1628369
Damian Lillard,1610612757,203081,201649
Nassir Little,1610612757,1629642,201186
Anfernee Simons,1610612757,1629014,204192
Skal Labissiere,1610612757,1627746,101249
Kent Bazemore,1610612757,203145,203106
Moses Brown,1610612757,1629650,203492
Mario Hezonja,1610612757,1626209,1626159
Jaylen Hoard,1610612757,1629658,201587
Anthony Tolliver,1610612757,201229,1536
Cheick Diallo,1610612756,1627767,202356
Rodney McGruder,1610612746,203585,2556
LaMarcus Aldridge,1610612759,200746,1627819
Brook Lopez,1610612749,201572,201169
Cedi Osman,1610612739,1626224,203199
Kevin Love,1610612739,201567,1628578
Tristan Thompson,1610612739,202684,201291
Collin Sexton,1610612739,1629012,2735
Darius Garland,1610612739,1629636,1628424
Larry Nance Jr.,1610612739,1626204,203123
Kevin Porter Jr.,1610612739,1629645,2416
Jordan Clarkson,1610612739,203903,202335
Alfonzo McKinnie,1610612739,1628035,1629070
Matthew Dellavedova,1610612739,203521,1628579
Ante Zizic,1610612739,1627790,203561
Brandon Knight,1610612739,202688,203094
Marial Shayok,1610612755,1629621,2694
Al-Farouq Aminu,1610612753,202329,1629786
Henry Ellenson,1610612751,1627740,201935
Timothe Luwawu-Cabarrot,1610612751,1627789,201610
Chandler Hutchison,1610612741,1628990,201629
D'Angelo Russell,1610612744,1626156,1626199
Justin Patton,1610612760,1628383,1627811
Kelan Martin,1610612750,1629103,1629142
Sterling Brown,1610612749,1628425,202383
Cody Martin,1610612766,1628998,1628427
Danuel House Jr.,1610612745,1627863,202334
Josh Richardson,1610612755,1626196,2755
Jonah Bolden,1610612755,1628413,1628403
Juwan Morgan,1610612762,1629752,203687
BJ Johnson,1610612753,1629168,1628984
Rodions Kurucs,1610612751,1629066,1629633
CJ Miles,1610612764,101139,203586
Tremont Waters,1610612738,1629682,203943
Jaylen Nowell,1610612750,1629669,1629716
Admiral Schofield,1610612764,1629678,203810
Justin Robinson,1610612764,1629620,951
Deandre Ayton,1610612756,1629028,202221
Jordan Bone,1610612765,1629648,201973
Gary Trent Jr.,1610612757,1629018,1626246
Keldon Johnson,1610612759,1629640,1629621
Matt Thomas,1610612761,1629744,1628496
Naz Mitrou-Long,1610612754,1628513,201191
Hamidou Diallo,1610612760,1628977,202362
Dean Wade,1610612739,1629731,203520
Ryan Broekhoff,1610612742,1629151,1629752
DaQuan Jeffries,1610612758,1629610,1629680
Stanton Kidd,1610612762,1629742,1628469
Justin Wright-Foreman,1610612762,1629625,202400
Nikola Vucevic,1610612753,202696,204033
Tyler Cook,1610612739,1629076,1962936250
Zylan Cheatham,1610612740,1629597,1629017
Josh Gray,1610612740,1627982,201646
Jake Layman,1610612750,1627774,203091
Brian Bowen II,1610612754,1628968,203183
JaKarr Sampson,1610612754,203960,201607
Michael Carter-Williams,1610612753,203487,200748
Jarred Vanderbilt,1610612743,1629020,202395
Charles Brown Jr.,1610612737,1629718,1629016
Ryan Anderson,1610612745,201583,1629004
Stanley Johnson,1610612761,1626169,1629164
Daryl Macon,1610612748,1629133,1626143
Kyrie Irving,1610612751,202681,202355
Caleb Martin,1610612766,1628997,203463
Zach Norvell Jr.,1610612747,1629668,201207
Edmond Sumner,1610612754,1628410,202710
Romeo Langford,1610612738,1629641,2078
Avery Bradley,1610612747,202340,203488
Kevin Huerter,1610612737,1628989,2739
John Collins,1610612737,1628381,1629130
KZ Okpala,1610612748,1629644,1627787
Jordan McLaughlin,1610612750,1629162,203153
Eric Gordon,1610612745,201569,1628374
Damion Lee,1610612744,1627814,1626193
Landry Shamet,1610612746,1629013,1627767
Talen Horton-Tucker,1610612747,1629659,1629725
Caris LeVert,1610612751,1627747,1626190
Gordon Hayward,1610612738,202330,204075
John Konchar,1610612763,1629723,1626275
Pau Gasol,1610612757,2200,2581
Jarrell Brantley,1610612762,1629714,101113
Kyle Lowry,1610612761,200768,2201
Khyri Thomas,1610612765,1629017,201945
De'Aaron Fox,1610612758,1628368,1627849
Dion Waiters,1610612748,203079,201173
Otto Porter Jr.,1610612741,203490,2863
Michael Frazier,1610612745,1626187,201848
DeMarcus Cousins,1610612747,202326,203551
Zach Collins,1610612757,1628380,202350
Vlatko Cancar,1610612743,1628427,202342
Wilson Chandler,1610612751,201163,203487
Tacko Fall,1610612738,1629605,201970
Stephen Curry,1610612744,201939,1628991
Patrick McCaw,1610612761,1627775,201963
Elfrid Payton,1610612752,203901,1628386
Kostas Antetokounmpo,1610612747,1628961,202957
John Henson,1610612739,203089,200746
Garrison Mathews,1610612764,1629726,1628384
Johnathan Motley,1610612746,1628405,202407
Jared Harper,1610612756,1629607,203149
PJ Dozier,1610612743,1628408,201144
Jalen McDaniels,1610612766,1629667,202132
Reggie Jackson,1610612765,202704,204077
Marvin Bagley III,1610612758,1628963,202715
Isaiah Roby,1610612742,1629676,203462
Anzejs Pasecniks,1610612764,1628394,1626217
Jalen Jones,1610612764,1627883,1627835
Haywood Highsmith,1610612755,1629312,1627788
Christ Koumadje,1610612755,1629746,101143
Isaiah Miles,1610612755,1627776,203119
Isaiah Taylor,1610612761,1627819,1897
Cameron Payne,1610612761,1626166,203898
Devin Robinson,1610612761,1628421,2137
Devin Cannady,1610612751,1629962,1629118
Kevin Durant,1610612751,201142,203457
CJ Massinburg,1610612751,1629747,2804
Lance Thomas,1610612751,202498,203900
C.J. Williams,1610612751,203710,1629636
Gerald Green,1610612745,101123,1628963
Matur Maker,1610612745,1629070,200753
Nene,1610612745,2403,1628437
Ray Spalding,1610612745,1629034,202707
Kyle Alexander,1610612748,1629734,1628964
Davon Reed,1610612748,1628432,203186
Skyler Flatten,1610612748,1629967,2876
Bubu Palo,1610612748,204215,2294
Jalen Adams,1610612740,1629824,202412
Javon Bess,1610612740,1629715,2441
Kavell Bigby-Williams,1610612740,1628448,204289
Darius Miller,1610612740,203121,201948
Zion Williamson,1610612740,1629627,1629184
Reggie Bullock,1610612752,203493,202458
V.J. King,1610612752,1629722,1628518
Lamar Peters,1610612752,1629777,1628975
Kenny Wooten,1610612752,1629624,1627790
Bennie Boatwright,1610612763,1629594,201958
Andre Iguodala,1610612763,2738,201149
Josh Jackson,1610612763,1628367,1629147
Miles Plumlee,1610612763,203101,1628249
Ivan Rabb,1610612763,1628397,1629148
Quinndary Weatherspoon,1610612759,1629683,202622
Luka Samanic,1610612759,1629677,201159
Daulton Hommes,1610612759,1629756,201651
Devontae Cacok,1610612747,1629719,2449
Demetrius Jackson,1610612747,1627743,200783
Marcus Allen,1610612747,1629305,200813
Andrew Harrison,1610612744,1626150,2624
Kavion Pippen,1610612744,1629800,201622
Juan Toscano-Anderson,1610612744,1629308,1627738
Alen Smailagic,1610612744,1629346,202359
Klay Thompson,1610612744,202691,1627768
Keljin Blevins,1610612757,1629833,202374
Troy Caupain,1610612757,1628505,101121
London Perrantes,1610612757,1628506,202068
Jusuf Nurkic,1610612757,203994,202880
Tyler Zeller,1610612743,203092,1629034
Bol Bol,1610612743,1629626,2738
Josh Reaves,1610612742,1629729,1628394
Antonius Cleveland,1610612742,1628499,1628970
Amir Coffey,1610612746,1629599,2549
Donte Grantham,1610612746,1629055,1628390
B.J. Taylor,1610612746,1629806,201603
Tahjere McCall,1610612737,1628769,203144
Armoni Brooks,1610612737,1629717,1628463
Marcus Derrickson,1610612737,1629094,203527
Jordan Sibert,1610612737,1626296,2446
Justin Simon,1610612741,1629779,203485
Milton Doyle,1610612741,1628495,2588
Adam Mokoka,1610612741,1629690,200984
Cristiano Felicio,1610612741,1626245,201959
Simisola Shittu,1610612741,1629679,202382
Tyus Battle,1610612750,1628967,1627776
Barry Brown,1610612750,1629956,2407
Cameron Reynolds,1610612749,1629244,1629003
Rayjon Tucker,1610612749,1629730,1628433
Jon Davis,1610612753,1629860,202067
Isaac Humphries,1610612753,1629353,203130
Vic Law,1610612753,1629724,202681
Joe Johnson,1610612765,2207,203113
Todd Withers,1610612765,1629270,203268
Donta Hall,1610612765,1629743,1628470
Louis King,1610612765,1629663,1628396
Kobi Simmons,1610612766,1628424,101110
Robert Franks,1610612766,1629606,202545
Ahmed Hill,1610612766,1629759,2760
Jaron Blossomgame,1610612745,1628417,204014
Jarrod Uthoff,1610612763,1627784,203552
Abdul Gaddy,1610612760,203583,1629149
Luguentz Dort,1610612760,1629652,1626169
DeVaughn Akoon-Purcell,1610612760,1629152,1627755
Myke Henry,1610612760,1627988,203382
Eric Moreland,1610612760,203961,203994
Andre Roberson,1610612760,203460,203504
Kyle Collinsworth,1610612762,1627858,1629647
William Howard,1610612762,1629739,1629615
Reggie Hearn,1610612747,203687,204022
Amida Brimah,1610612754,1628578,201171
Walt Lemon Jr.,1610612754,1627215,201235
Victor Oladipo,1610612754,203506,201821
C.J. Wilcox,1610612754,203912,203088
Kaiser Gates,1610612738,1629232,1629627
Yante Maten,1610612738,1628999,101162
Jarell Martin,1610612739,1626185,1629755
Marques Bolden,1610612739,1629716,1629648
Sindarius Thornwell,1610612739,1628414,2571
Daniel Hamilton,1610612739,1627772,1628990
J.P. Macura,1610612739,1629122,204020
Dylan Windler,1610612739,1629685,203939
Jeremiah Martin,1610612748,1629725,1629226
Mychal Mulder,1610612748,1628539,1629103
Dusty Hannahs,1610612763,1628605,2501
Dakota Mathias,1610612742,1629751,203122
Aric Holman,1610612742,1629689,1627749
Tyler Lydon,1610612758,1628399,2566
Hollis Thompson,1610612758,203138,201645
Tyler Ulis,1610612758,1627755,203948
Jalen Lecque,1610612756,1629665,203142
Norense Odiase,1610612756,1629826,201785
David Kramer,1610612756,1629749,1629747
Tariq Owens,1610612756,1629745,202688
David Stockton,1610612747,204065,2408
Dedric Lawson,1610612759,1629664,2037
Perrion Callandret,1610612741,1629825,1629102
Sagaba Konate,1610612761,1628996,2409
Jaylen Adams,1610612749,1629121,1627774
Luke Maye,1610612749,1629612,1629641
Justin Anderson,1610612764,1626147,202686
Phil Booth,1610612764,1629595,1626184
Jemerrio Jones,1610612764,1629203,2246
John Wall,1610612764,202322,1627759
Deng Adel,1610612751,1629061,1628510
John Egbunu,1610612751,1629786,1626157
Josh Perkins,1610612766,1629616,1628368
Joe Chealey,1610612766,1629147,202091
Amir Hinton,1610612752,1629609,1628966
Trevon Bluiett,1610612762,1629129,2669
Yudai Baba,1610612742,1629819,201792
Isaiah Pineiro,1610612758,1629753,1627322
Eric Mika,1610612758,1628450,1628425
Jordan Murphy,1610612750,1629818,1628070
Lindell Wigginton,1610612750,1629623,1628400
James Palmer Jr.,1610612746,1629615,1628967
Terry Larrier,1610612746,1629097,201572
Thomas Welsh,1610612766,1629118,202380
Anthony Bennett,1610612745,203461,203190
Devyn Marble,1610612744,203906,1627750
Hassani Gravett,1610612753,1629755,436
JaKeenan Gant,1610612754,1629721,201969
Jeremy Lin,1610612761,202391,202354
Jodie Meeks,1610612761,201975,1628998
Andrew Bogut,1610612744,101106,2424
Shaun Livingston,1610612744,2733,1628778
Jonas Jerebko,1610612744,201973,203493
Nikola Mirotic,1610612749,202703,1629715
Greg Monroe,1610612755,202328,201564
Amir Johnson,1610612755,101161,1628241
Jonathon Simmons,1610612755,203613,202375
Kenneth Faried,1610612745,202702,1629312
Guerschon Yabusele,1610612738,1627824,203121
Dante Cunningham,1610612759,201967,1629121
Donatas Motiejunas,1610612759,202700,1710
Quincy Pondexter,1610612759,202347,202420
Ekpe Udoh,1610612762,202327,203116
Jerian Grant,1610612753,1626170,1629663
Raymond Felton,1610612760,101109,202724
Jose Calderon,1610612765,101181,1629005
Zaza Pachulia,1610612765,2585,1626146
Jonathan Gibson,1610612738,1626780,2753
Darren Collison,1610612754,201954,1629598
Tyreke Evans,1610612754,201936,1627816
Jon Leuer,1610612765,202720,203110
Deyonta Davis,1610612737,1627738,1628367
Dwyane Wade,1610612748,2548,200755
Alan Williams,1610612751,1626210,203528
Shelvin Mack,1610612766,202714,2586
Tony Parker,1610612766,2225,203926
John Jenkins,1610612752,203098,1533
Isaiah Hicks,1610612752,1628439,1629624
Billy Garrett,1610612752,1628656,1629606
Wayne Selden,1610612741,1627782,101138
Brandon Sampson,1610612741,1629102,1628454
Antonio Blakeney,1610612741,1628469,1627936
Rawle Alkins,1610612741,1628959,1629036
Tyler Dorsey,1610612763,1628416,2430
Julian Washburn,1610612763,1627395,203913
Joakim Noah,1610612763,201149,1628418
Jawun Evans,1610612760,1628393,1629154
Bonzie Colson,1610612749,1629045,1952
Dirk Nowitzki,1610612742,1717,1626186
Devin Harris,1610612742,2734,1627773
Salah Mejri,1610612742,1626257,203154
Jared Terrell,1610612750,1629123,1913
Mitchell Creek,1610612750,1628249,1629634
Tyler Cavanaugh,1610612762,1628463,2457
Corey Brewer,1610612758,201147,1628983
Troy Williams,1610612758,1627786,201628
Jordan Loyd,1610612761,1628070,1627293
Jerryd Bayless,1610612750,201573,1626281
Johnathan Williams,1610612747,1629140,101187
Ian Clark,1610612740,203546,1628996
Dairis Bertans,1610612740,1629541,2030
Jamal Crawford,1610612756,2037,2440
Jimmer Fredette,1610612756,202690,1503
RJ Hunter,1610612738,1626154,1627215
Chasson Randle,1610612764,1626184,1627763
Sam Dekker,1610612764,1626155,1629029
Nik Stauskas,1610612739,203917,201647
Channing Frye,1610612739,101112,2733
Lance Stephenson,1610612747,202362,1626158
Angel Delgado,1610612746,1629116,1628387
Kosta Koufos,1610612758,201585,1629060
Wesley Johnson,1610612764,202325,1629609
Cody Demps,1610612758,1628610,202366
Scott Machado,1610612747,203159,1718
Andre Ingram,1610612747,201281,1626174
Jason Smith,1610612740,201160,1629044
Vincent Edwards,1610612745,1629053,203482
Terrence Jones,1610612745,203093,202419
Isaiah Briscoe,1610612753,1628515,1882
Alex Poythress,1610612737,1627816,2590
Trevon Duval,1610612749,1628979,1627789
Isaiah Canaan,1610612749,203477,202734
Luol Deng,1610612750,2736,101179
Emanuel Terry,1610612748,1629150,1628416
Scotty Hopson,1610612760,203816,200081
Richard Solomon,1610612760,204076,2773
Marcin Gortat,1610612746,101162,201286
Wade Baldwin IV,1610612739,1627735,203263
Michael Beasley,1610612747,201563,200826
Alex Abrines,1610612760,203518,203156
Gary Payton II,1610612764,1627780,1626144
Kalin Lucas,1610612765,203564,203590
Quincy Acy,1610612756,203112,1629750
Omri Casspi,1610612763,201956,2211
Malachi Richardson,1610612761,1627781,200822
James Nunnally,1610612745,203263,1888
Ron Baker,1610612764,1627758,203486
Lorenzo Brown,1610612761,203485,202721
MarShon Brooks,1610612763,202705,2596
Milos Teodosic,1610612746,1628462,1628494
Nick Young,1610612743,201156,1626252
Keenan Evans,1610612765,1629037,1628383
Jaylen Morris,1610612749,1628537,1627861
Okaro White,1610612764,1627855,2736
Zach Lofton,1610612765,1629155,203902
George King,1610612756,1628994,201238
DJ Stephens,1610612763,203474,1629642
Ike Anigbogu,1610612754,1628387,1627843
Tyler Davis,1610612760,1629093,1626170
JR Smith,1610612739,2747,202227
Zhou Qi,1610612745,1627753,201568
Luc Mbah a Moute,1610612746,201601,1628404
John Holland,1610612739,204066,1626176
Zach Randolph,1610612758,2216,1628393
Cameron Oliver,1610612757,1628419,1629285
Chinanu Onuaku,1610612757,1627778,200797
Billy Preston,1610612739,1629009,1627865
Travis Wear,1610612747,204037,203991
Jeffrey Carroll,1610612747,1629050,1629605
Angel Rodriguez,1610612745,1629285,1626263
Tim Bond,1610612745,1629260,1763
Markel Crawford,1610612763,1629156,1628985
Doral Moore,1610612763,1629078,1628366
Darius Johnson-Odom,1610612750,203130,202815
Jonathan Stark,1610612750,1629236,1629729
Zach Smith,1610612766,1629146,202712
Yanyuhang Ding,1610612742,1629142,1628571
Xavier Silas,1610612743,202918,201596
Nick Johnson,1610612759,203910,2575
Braian Angola-Rodas,1610612753,1629132,1629645
Timofey Mozgov,1610612753,202389,201181
Thomas Robinson,1610612737,203080,1629651
C.J. Anderson,1610612737,1629190,1629622
Briante Weber,1610612748,1627362,203613
Raphiael Putney,1610612748,204192,202770
Rodney Purvis,1610612748,1628681,203198
Jarnell Stokes,1610612748,203950,1629246
Jeffrey Coby,1610612752,1629352,200750
Jairus Lyles,1610612762,1629131,2557
Isaiah Cousins,1610612762,1627766,200761
Isaac Haas,1610612762,1629036,203513
Kay Felder,1610612761,1627770,1629155
Jarrett Jack,1610612740,101127,201648
Alexis Ajinca,1610612740,201582,1628994
Garlon Green,1610612740,203629,201147
Brandon McCoy,1610612740,1629000,1629659
Darius Morris,1610612740,202721,1627292
DeAndre Liggins,1610612748,202732,101122
Charles Cooke,1610612748,1628429,202706
Will Cherry,1610612744,203805,1626207
Elijah Stewart,1610612754,1629136,2229
Ben Moore,1610612754,1628500,2748
Omari Johnson,1610612754,204179,1627855
Josh Huestis,1610612759,203962,202719
Nuni Omot,1610612751,1629245,202329
Lavoy Allen,1610612764,202730,200763
Tiwian Kendley,1610612764,1629186,202087
Johnny Hamilton,1610612765,1629148,1626253
Donald Sloan,1610612743,202388,201620
Desi Rodriguez,1610612746,1629184,203914
Shabazz Muhammad,1610612749,203498,202388
KJ McDaniels,1610612760,203909,201576
Bryce Alford,1610612760,1628576,202363
Codi Miller-McIntyre,1610612742,1629149,202728
Emeka Okafor,1610612755,2731,101132
Anthony Brown,1610612755,1626148,1853
Omer Asik,1610612741,201600,1626168
Jaylen Barford,1610612766,1628965,203090
Isaiah Wilkins,1610612766,1629145,202081
Levi Randolph,1610612739,1626260,203078
Darrell Arthur,1610612756,201589,1628401
Rob Gray,1610612745,1629154,1719
Ismaila Kane,1610612763,1629226,1628999
Joel Berry II,1610612747,1629137,202709
Marcus Georges-Hunt,1610612738,1627875,1628514
Jeff Roberson,1610612738,1629166,2594
Nick King,1610612738,1629165,2306
Jabari Bird,1610612738,1628444,203920
Chris McCullough,1610612765,1626191,2217
Jamel Artis,1610612758,1628503,1628976
Cole Aldrich,1610612737,202332,1626296
Malik Newman,1610612748,1629005,1627744
Tyrius Walker,1610612752,1629246,1627742
Marcus Lee,1610612748,1629159,200776
Trey Lewis,1610612762,1629163,965
Justin Bibbs,1610612738,1629167,202970
David West,1610612744,2561,203548
Tarik Black,1610612745,204028,1628409
Aaron Jackson,1610612745,1628935,203114
Kendrick Perkins,1610612739,2570,1629067
Shane Larkin,1610612738,203499,203629
Jordan Crawford,1610612740,202348,204028
Lucas Nogueira,1610612761,203512,201965
Trevor Booker,1610612754,202344,1629065
Al Jefferson,1610612754,2744,201834
Joe Young,1610612754,1626202,203092
Jason Terry,1610612749,1891,1629658
Brandon Jennings,1610612749,201943,201577
Ty Lawson,1610612764,201951,1628503
Ramon Sessions,1610612764,201196,203120
Nick Collison,1610612760,2555,1627829
Dakari Johnson,1610612760,1626177,1629305
Aaron Brooks,1610612750,201166,200752
Luke Babbitt,1610612748,202337,202332
Manu Ginobili,1610612759,1938,203481
Joffrey Lauvergne,1610612759,203530,204053
Brandon Paul,1610612759,203464,1626185
Richard Jefferson,1610612743,2210,1628389
Jack Cooley,1610612758,204022,1730
Nigel Hayes,1610612758,1628502,1628769
Tyler Ennis,1610612747,203898,1628414
Mario Chalmers,1610612763,201596,1628977
Dwight Buycks,1610612765,202779,201933
Jameer Nelson,1610612765,2749,201148
Sean Kilpatrick,1610612741,203930,1628978
Arron Afflalo,1610612753,201167,2224
Marreese Speights,1610612753,201578,2572
James Webb III,1610612751,1627821,201944
Julyan Stone,1610612766,202933,201805
Marcus Paige,1610612766,1627779,1627734
Andrew White III,1610612737,1628510,1626201
Alec Peters,1610612756,1628409,200814
Aaron Harrison,1610612742,1626151,202696
Tim Quarterman,1610612745,1627817,1626209
Jeremy Evans,1610612737,202379,1629078
Georgios Papagiannis,1610612757,1627834,1627732
Xavier Munford,1610612749,204098,201175
Marshall Plumlee,1610612749,1627850,1629664
Jordan Mickey,1610612748,1626175,203569
Marquis Teague,1610612763,203104,204038
Larry Drew II,1610612740,203580,1628448
Darrun Hilliard,1610612759,1626199,1628997
Brice Johnson,1610612763,1627744,201936
Paul Zipser,1610612741,1627835,1627834
Mangok Mathiang,1610612766,1628493,202416
James Young,1610612755,203923,1626162
Jameel Warney,1610612742,1627866,1629001
Erik McCree,1610612762,1628571,202718
Isaiah Whitehead,1610612751,1627785,1629806
Derrick Williams,1610612747,202682,1629751
Matt Costello,1610612759,1627856,1627761
Xavier Rathan-Mayes,1610612763,1628504,1628681
Malcolm Delaney,1610612737,1627098,204064
Jarell Eddie,1610612741,204067,203204
Brandan Wright,1610612745,201148,1627902
Kyle Singler,1610612760,202713,200794
Rashad Vaughn,1610612753,1626173,1629724
Trey McKinney-Jones,1610612754,203590,1629008
Markel Brown,1610612745,203900,1629270
Mike James,1610612740,1628455,1752
Josh McRoberts,1610612742,201177,202518
Willie Reed,1610612765,203186,203317
Johnny O'Bryant III,1610612766,203948,1629718
Tony Allen,1610612740,2754,1629677
Luis Montero,1610612765,1626242,203946
Damien Wilkins,1610612754,2863,2746
James Michael McAdoo,1610612755,203949,201563
Bobby Brown,1610612745,201628,202392
Jacob Wiley,1610612751,1628451,1626187
Vander Blue,1610612747,203505,1627815
Jacob Pullen,1610612755,1626643,203919
Matt Williams Jr.,1610612748,1628475,201619
Jamil Wilson,1610612746,203966,101123
Joel Bolomboy,1610612749,1627762,201586
Adreian Payne,1610612753,203940,1629819
Vincent Hunter,1610612763,1626205,1629638
Nate Wolters,1610612762,203489,203585
Jeff Withey,1610612742,203481,202808
Yakuba Ouattara,1610612751,1628473,101142
Nicolas Brussino,1610612737,1627852,203461
Gian Clavell,1610612742,1628492,201274
Josh Smith,1610612740,2746,1629723
Mindaugas Kuzminskas,1610612752,1627851,1627856
Mirza Teletovic,1610612749,203141,2730
Carrick Felix,1610612764,203467,1627884
Mike Young,1610612764,1628454,201599
Ike Iroegbu,1610612746,1628528,201980
Matt Jones,1610612758,1628512,2199
Michael Gbinije,1610612744,1627771,1627224
Beno Udrih,1610612765,2757,202340
Joel Anthony,1610612749,201202,1713
AJ Hammons,1610612748,1627773,204179
Tony Mitchell,1610612748,203183,201199
James Blackmon Jr.,1610612755,1628511,201167
Kris Humphries,1610612755,2743,204063
Isaac Hamilton,1610612739,1628554,201183
Damjan Rudez,1610612753,204014,202327
Perry Jones III,1610612740,203103,2484
Cliff Alexander,1610612740,1626146,201142
Rade Zagorac,1610612763,1627825,203124
Durand Scott,1610612763,1628677,202779
Sheldon Mac,1610612764,1627815,203318
Maalik Wayns,1610612742,203146,204041
Brandon Ashley,1610612742,1626165,1766
Terry Henderson,1610612766,1628516,202358
T.J. Williams,1610612766,1628494,202376
Luke Petrasek,1610612766,1628517,1626192
Davion Berry,1610612761,204310,200762
Diamond Stone,1610612741,1627754,201954
Jaylen Johnson,1610612741,1628575,201962
Bronson Koenig,1610612741,1628460,979
Anthony Morrow,1610612757,201627,1629028
Archie Goodwin,1610612757,203462,2059
Elijah Millsap,1610612756,202407,1629610
Chris Johnson,1610612745,203187,1626172
George de Paula,1610612745,1628437,1629689
Akil Mitchell,1610612751,204064,203516
Jeremy Senglin,1610612751,1628496,203489
Daniel Dixon,1610612738,1628679,1962936483
L.J. Peak,1610612738,1628433,203327
Jonathan Holmes,1610612738,1626182,101150
Landry Nnoko,1610612765,1628477,1627887
Derek Willis,1610612765,1628491,203558
Edy Tavares,1610612739,204002,2047
Semaj Christon,1610612760,203902,1629059
Rashawn Thomas,1610612760,1628577,200809
Josh Childress,1610612743,2735,1628373
Torian Graham,1610612762,1628680,201565
Eric Griffin,1610612762,203547,1629057
Marcus Williams,1610612758,200766,2240
DeQuan Jones,1610612754,203199,201939
Melo Trimble,1610612750,1628453,202775
Daniel Ochefu,1610612764,1627849,202083
LaDontae Henton,1610612746,1628176,1627873
V.J. Beachem,1610612747,1628431,201177
Stephen Zimmerman,1610612747,1627757,1627982
Brandon Rush,1610612749,201575,1628398
Kendall Marshall,1610612749,203088,201163
Peter Jok,1610612756,1628514,1627825
Taylor Braun,1610612762,1628579,202513
Jordan Mathews,1610612737,1628535,1626285
Georges Niang,1610612744,162777,1629022
Andy Rautins,1610612761,202360,203526
Kyle Wiltjer,1610612761,1627787,2400
Kennedy Meeks,1610612761,1628452,202322
Paige Marcus,1610612766,1962937755,202418
Jeremy Morgan,1610612763,1628456,1629165
Matt Matt,1610612758,1962937827,1628539
Devin Williams,1610612738,1628241,1626155
Alex Hamilton,1610612744,1628174,1629967
Deron Williams,1610612739,101114,1629052
Dahntay Jones,1610612739,2563,203511
James Jones,1610612739,2592,1628993
Matt Barnes,1610612744,2440,203564
David Lee,1610612759,101135,202411
Boris Diaw,1610612762,2564,1885
Paul Pierce,1610612746,1718,1629260
Alan Anderson,1610612746,101187,2547
Brandon Bass,1610612746,101138,203576
Mike Dunleavy,1610612737,2399,203510
Spencer Hawes,1610612749,201150,2200
Norris Cole,1610612760,202708,101155
Kevin Seraphin,1610612754,202338,1716
Monta Ellis,1610612754,101145,2202
Rakeem Christmas,1610612754,1626176,203460
Jordan Hill,1610612750,201941,201187
Axel Toupane,1610612740,1626253,202341
Metta World Peace,1610612747,1897,202357
Patricio Garino,1610612753,1627868,1626304
Ryan Kelly,1610612737,203527,1629053
Mike Miller,1610612743,2034,1626180
Roy Hibbert,1610612743,201579,202326
Justin Hamilton,1610612751,203120,2397
Randy Foye,1610612751,200751,1629055
Andrew Nicholson,1610612751,203094,977
Gerald Henderson,1610612755,201945,1962937755
Shawn Long,1610612755,1627848,739
Tiago Splitter,1610612755,201168,2198
Sergio Rodriguez,1610612755,200771,1628431
Maurice Ndour,1610612752,1626254,204310
Sasha Vujacic,1610612752,2756,1629097
Brian Roberts,1610612766,203148,1629746
Ronnie Price,1610612756,101179,203108
C.J. Watson,1610612753,201228,101111
Larry Sanders,1610612739,202336,1627777
Leandro Barbosa,1610612756,2571,203705
Manny Harris,1610612742,202412,203524
Rodney Stuckey,1610612754,201155,203961
Toney Douglas,1610612763,201962,201160
Justin Harper,1610612755,202712,1628506
Ben Bentil,1610612742,1627791,201583
Reggie Williams,1610612740,202130,1627757
Luis Scola,1610612751,2449,1627758
Lamar Patterson,1610612737,203934,1628554
Mike Tobey,1610612766,1627861,203118
Ray McCallum,1610612766,203492,203947
Marcus Thornton,1610612764,201977,202933
Marcelo Huertas,1610612747,1626273,202810
Jared Sullinger,1610612761,203096,203464
Anderson Varejao,1610612744,2760,203560
Steve Novak,1610612749,200779,1627754
Pierre Jackson,1610612742,203510,203918
Gary Neal,1610612737,202390,1629753
Alonzo Gee,1610612743,202087,201594
John Lucas III,1610612750,101249,2765
Arinze Onuaku,1610612753,202620,202353
Nicolas Laprovittola,1610612759,1627879,1628021
Chris Andersen,1610612739,2365,201162
Jordan Farmar,1610612758,200770,201831
Greivis Vasquez,1610612751,202349,203910
Festus Ezeli,1610612757,203105,1629014
Grant Jerrett,1610612757,203511,203084
Greg Stiemsma,1610612757,201880,1627823
Yi Jianlian,1610612747,201146,203925
Keith Hornsby,1610612742,1627867,1628528
Robbie Hummel,1610612743,203133,1629629
Pablo Prigioni,1610612745,203143,1627752
PJ Hairston,1610612745,203798,1628411
Livio Jean-Charles,1610612759,203520,203477
Rasheed Sulaimon,1610612766,1627881,2574
Perry Ellis,1610612766,1627768,1626173
Rasual Butler,1610612750,2446,203197
Toure' Murry,1610612750,203315,202722
Cat Barber,1610612755,1627760,1629152
Vashil Fernandez,1610612748,1628041,204189
Drew Crawford,1610612761,203990,1627791
Brady Heslip,1610612761,204029,1626156
Yanick Moreira,1610612761,1626213,1628388
E.J. Singler,1610612761,203560,203203
Casper Ware,1610612764,203810,2052
Chris Bosh,1610612748,2547,202220
Will Bynum,1610612737,101198,202841
Thomas Walkup,1610612741,1627843,202711
Shawn Dawson,1610612740,1627873,1629628
Quincy Ford,1610612740,1627880,1629860
Robert Sacre,1610612740,203135,203491
Lou Amundson,1610612752,200811,204037
JP Tokoto,1610612752,1626160,1628679
Jaleel Cousins,1610612742,1627902,1628499
Cleanthony Early,1610612752,203921,978
Damien Inglis,1610612752,203996,203180
Henry Sims,1610612762,203156,2365
Cameron Jones,1610612744,202841,201781
Phil Pressey,1610612744,203515,1627743
Elliot Williams,1610612744,202343,203953
Chris Crawford,1610612763,204039,1629683
Orlando Johnson,1610612749,203111,1628969
JJ O'Brien,1610612749,1626266,1629035
Jaleel Roberts,1610612749,1626294,202409
Trey Freeman,1610612765,1627887,203085
Cory Jefferson,1610612739,203928,2592
Mitch McGary,1610612760,203956,204030
Kaleb Tarczewski,1610612760,1627818,2857
Chris Wright,1610612760,202874,1627395
Jorge Gutierrez,1610612751,203268,1627739
Chase Budinger,1610612751,201978,406
Beau Beech,1610612751,1627862,1629023
Egidijus Mockevicius,1610612751,1627865,201627
Andrew Andrews,1610612766,1627882,201981
Nikola Pekovic,1610612750,201593,1628995
Branden Dawson,1610612753,1626183,202346
Kevin Murphy,1610612753,203122,2403
Keith Benson,1610612748,202728,101118
Stefan Jankovic,1610612748,1627841,202365
Jordan Adams,1610612763,203919,1627852
D'Vauntes Smith-Rivera,1610612741,1627886,202330
J.J. Avila,1610612741,1627938,203089
Nikola Jovanovic,1610612765,1627888,1626177
Elton Brand,1610612755,1882,203935
Nick Zeisloft,1610612754,1627878,202148
D.J. Kennedy,1610612743,202810,200745
Eric Dawson,1610612762,201286,101158
Zach Auguste,1610612747,1627811,2548
Julian Jacobs,1610612747,1627829,101126
Dorell Wright,1610612746,2748,2405
Gracin Bakumanya,1610612756,1627836,200747
Derek Cooke Jr.,1610612756,1627496,2230
Elgin Cook,1610612744,1627765,1627746
Scott Wood,1610612744,1627954,201193
Tony Wroten,1610612763,203100,1626213
Chris Copeland,1610612740,203142,203093
Mo Williams,1610612739,2590,203499
Nazr Mohammed,1610612760,1737,2605
Jason Thompson,1610612761,201574,203963
Amar'e Stoudemire,1610612748,2405,204054
Tim Duncan,1610612759,1495,201161
Kevin Martin,1610612759,2755,201281
Andre Miller,1610612759,1889,1629824
Chris Kaman,1610612757,2549,1626208
Kirk Hinrich,1610612737,2550,1629166
Tyler Hansbrough,1610612766,201946,1629644
Jeff Ayres,1610612746,201965,1628365
Andrew Goudelock,1610612745,202726,1629012
Charlie Villanueva,1610612742,101111,1628610
Steve Blake,1610612765,2581,1905
James Anderson,1610612758,202341,2049
Duje Dukan,1610612758,1626251,1628677
Caron Butler,1610612758,2406,203905
Tibor Pleiss,1610612762,202353,1628444
Kobe Bryant,1610612747,977,203897
Bryce Cotton,1610612763,203955,203193
Jordan Hamilton,1610612740,202706,1628371
Greg Smith,1610612750,202962,1629616
Tayshaun Prince,1610612750,2419,203894
Shayne Whittington,1610612754,203963,2744
Matt Bonner,1610612759,2588,980
Carl Landry,1610612755,201171,2203
JJ Hickson,1610612764,201581,1629608
Drew Gooden,1610612764,2400,1628968
Sasha Kaun,1610612739,201619,1629744
Sergey Karasev,1610612751,203508,203999
Cameron Bairstow,1610612741,203946,203145
Ryan Hollins,1610612763,200797,1629731
Sonny Weems,1610612755,201603,203500
Jared Cunningham,1610612749,203099,201986
Alex Stepheson,1610612763,1627293,202809
Coty Clarke,1610612738,1626262,2585
O.J. Mayo,1610612749,201564,2225
Bryce Dejean-Jones,1610612740,1626214,101128
DeJuan Blair,1610612764,201971,1627760
Erick Green,1610612762,203475,203315
Andrea Bargnani,1610612751,200745,201950
Keith Appling,1610612753,203951,201951
Kevin Garnett,1610612750,708,203117
Kostas Papanikolaou,1610612743,203123,1626242
Russ Smith,1610612763,203893,202446
Chuck Hayes,1610612745,101236,1629027
Nate Robinson,1610612740,101126,202423
Joshua Smith,1610612745,1626288,1629682
Arsalan Kazemi,1610612745,203529,202720
Denzel Livingston,1610612745,1626269,1629048
Chris Walker,1610612745,1626217,1628475
Kleon Penn,1610612750,1626285,1629640
Nick Wiggins,1610612750,204289,202410
Tre Kelley,1610612748,201645,1629650
Greg Whittington,1610612748,204222,1629742
Bo McCalebb,1610612740,1627322,1629126
Jeff Adrien,1610612740,202399,2553
Yakhouba Diawara,1610612763,200821,203141
Lazeric Jones,1610612763,1626272,1629122
Sampson Carter,1610612763,1627258,201999
Nnanna Egwu,1610612753,1626295,1629714
Earl Barron,1610612737,2853,101109
Danny Granger,1610612765,101122,1629308
Josh Harrellson,1610612764,202725,202343
Jaron Johnson,1610612764,204189,201579
Michale Kyser,1610612761,1626252,693
Ronald Roberts Jr.,1610612761,204040,201937
Shannon Scott,1610612761,1626263,1627779
Furkan Aldemir,1610612755,203128,1629190
Scottie Wilbekin,1610612755,203959,1563
Corey Walden,1610612738,1626258,200751
Jason Washburn,1610612766,1626279,202700
Sam Thompson,1610612766,1626280,1629123
CJ Fair,1610612754,203927,1629009
Kadeem Jack,1610612754,1627292,1626164
Wesley Saunders,1610612752,1626201,101236
DaJuan Summers,1610612752,201969,1629833
Darion Atkins,1610612752,1626276,203471
Travis Trice II,1610612752,1626275,1712
Devin Sweetney,1610612743,202464,201977
Chris Babb,1610612744,203569,101183
Xavier Henry,1610612744,202333,201635
Chris Udofia,1610612744,1627224,202386
Jabari Brown,1610612747,203913,201947
Jarrid Famous,1610612742,202820,1628412
Samuel Dalembert,1610612742,2223,201591
Terran Petteway,1610612737,1626189,203928
Jordan Bachynski,1610612765,203947,201633
Cartier Martin,1610612765,201858,203515
Adonis Thomas,1610612765,203519,201960
Chris Douglas-Roberts,1610612740,201604,1629094
Melvin Ejim,1610612753,203929,201571
Marcus Simmons,1610612741,204136,202393
Marcus Landry,1610612749,202068,204061
Josh Powell,1610612749,2694,203129
Keifer Sykes,1610612759,1626208,1628432
Deshaun Thomas,1610612759,203472,1629159
Talib Zanna,1610612760,204075,203521
Michael Qualls,1610612760,1626180,203095
Dez Wells,1610612760,1626190,203907
Robert Upshaw,1610612747,1626193,1629244
Will Cummings,1610612745,1626270,1962936489
Jeremy Tyler,1610612745,202719,203998
Dionte Christmas,1610612739,202091,1626273
Austin Daye,1610612739,201948,101144
Nick Minnerath,1610612739,1626305,203083
Ryan Boatright,1610612751,1626207,1627780
Chris Daniels,1610612751,202808,1628415
Quincy Miller,1610612751,203113,202337
Youssou Ndoye,1610612759,1626304,203086
Oleksiy Pecherov,1610612743,200762,203942
Corey Hawkins,1610612748,1626186,2551
Chris Johnson,1610612739,202419,201158
Juwan Staten,1610612744,1626219,200767
Kyle Casey,1610612756,1626271,202077
Terrico White,1610612756,202358,203196
Matt Janning,1610612743,202394,1112
Ben Gordon,1610612744,2732,1717
Marshall Henderson,1610612758,1626289,101130
Corey Webster,1610612740,1626290,2034
Jerome Jordan,1610612740,202366,201043
Jake Anderson,1610612741,202815,204215
Stefhon Hannah,1610612741,202513,1629730
Martell Webster,1610612764,101110,203103
Edgar Sosa,1610612737,1626293,203006
Tony Mitchell,1610612744,203502,1627878
Charlie Westbrook,1610612749,203586,1627818
Jon Horford,1610612749,1626281,202962
Michael Holyfield,1610612763,1626261,1628605
Nikoloz Tskitishvili,1610612746,2401,202684
Brendan Haywood,1610612739,2217,203954
Shawn Marion,1610612739,1890,201991
Joey Dorsey,1610612745,201595,1886
Pero Antic,1610612737,203544,162777
Glen Davis,1610612746,201175,2254
Lester Hudson,1610612746,201991,200779
Hedo Turkoglu,1610612746,2045,202345
Nick Calathes,1610612763,201979,202820
Earl Clark,1610612751,201947,203965
Joel Freeland,1610612757,200777,1628408
Bernard James,1610612742,203108,200796
Gerald Wallace,1610612738,2222,203816
Gigi Datome,1610612738,203540,201153
Landry Fields,1610612761,202361,203505
Willie Green,1610612753,2584,467
Luke Ridnour,1610612753,2557,203934
Reggie Evans,1610612758,2501,1628505
Carlos Boozer,1610612747,2430,1629167
Jamaal Franklin,1610612743,203479,202729
Henry Walker,1610612748,201611,1890
Zoran Dragic,1610612748,204054,202464
Jason Richardson,1610612755,2202,1628935
Shawne Williams,1610612765,200761,1628378
Ricky Ledo,1610612752,203495,200770
Jeffery Taylor,1610612766,203106,1627851
Jason Maxiell,1610612766,101131,1626151
Jerel McNeal,1610612756,202077,1627736
Sim Bhullar,1610612758,204021,1629595
David Wear,1610612758,204033,200780
Shavlik Randolph,1610612738,101183,201942
AJ Price,1610612756,201985,201949
Alexey Shved,1610612752,203144,2209
Jerrelle Benimon,1610612762,203968,101145
Malcolm Thomas,1610612755,202952,2568
John Salmons,1610612740,2422,1627258
Victor Claver,1610612757,201964,201985
Kenyon Martin,1610612749,2030,203105
Andre Dawkins,1610612738,203958,1629140
Ognjen Kuzmic,1610612744,203136,201938
Tyrus Thomas,1610612763,200748,1628467
Miroslav Raduljica,1610612750,203545,122683568
Alex Kirk,1610612739,203945,1499
Brandon Davies,1610612751,203561,201593
Patrick Christopher,1610612762,203565,1627863
Jannero Pargo,1610612766,2457,201880
Ronny Turiaf,1610612755,101142,1626153
Gal Mekel,1610612740,203539,1629639
Francisco Garcia,1610612745,101128,203076
Malcolm Lee,1610612755,202723,201203
Drew Gordon,1610612755,204079,1626220
Patric Young,1610612740,203942,2436
Sebastian Telfair,1610612760,2742,2552
Shannon Brown,1610612748,200769,1628455
Andrei Kirilenko,1610612751,1905,203577
Glen Rice,1610612764,203318,202399
Nemanja Nedovic,1610612744,203517,2427
Brock Motum,1610612762,204026,1627880
Diante Garrett,1610612757,203197,2740
Aaron Craft,1610612744,203905,1627862
Jason Kapono,1610612744,2574,203080
Mitchell Watt,1610612744,204030,200764
Trey Johnson,1610612758,201234,203139
Roscoe Smith,1610612747,203964,1626251
Steve Nash,1610612747,959,708
Geron Johnson,1610612745,204080,1627820
Travis Outlaw,1610612752,2566,1628443
Doron Lamb,1610612742,203117,202498
Ivan Johnson,1610612742,201274,1629818
Chris Singleton,1610612754,202698,1629800
Justin Cobbs,1610612766,203965,200575
Dallas Lauderdale,1610612766,203193,204098
Brian Qvale,1610612766,204041,1629777
Arnett Moultrie,1610612755,203102,201228
Aaron Gray,1610612765,201189,203895
Kevin Jones,1610612740,203158,1626145
Micheal Eric,1610612749,203149,1627784
Josh Davis,1610612759,204027,202066
Shane Edwards,1610612739,202197,201814
Vitor Faverani,1610612738,203543,2570
Erik Murphy,1610612738,203513,201230
Christian Watford,1610612738,204024,1629743
Damion James,1610612764,202345,202394
DJ Mbenga,1610612752,2788,200771
Orlando Sanchez,1610612752,204044,201975
Michael Jenkins,1610612760,204077,201581
Shawn Jones,1610612748,204053,202586
Marcus Williams,1610612743,201173,203185
Dexter Pittman,1610612737,202354,203545
Yuki Togashi,1610612742,204078,202701
Kyrylo Fesenko,1610612750,201178,201956
Josh Bostic,1610612765,202550,1629649
Brian Cook,1610612765,2567,1629665
Hasheem Thabeet,1610612765,201934,1628380
Stephen Holt,1610612739,204071,203475
Solomon Jones,1610612741,200780,1501
Deonte Burton,1610612758,203907,1962936270
Vernon Macklin,1610612740,202731,1627882
Kadeem Batts,1610612753,204063,2772
Peyton Siva,1610612753,203491,201946
Ben Hansbrough,1610612741,203162,1629168
Joe Jackson,1610612756,204061,2250
Casey Prather,1610612756,204062,203160
Daniel Orton,1610612764,202350,201266
James Southerland,1610612757,203480,714
Kim English,1610612741,203119,203099
Luke Hancock,1610612763,204034,1626258
Dee Bost,1610612762,203551,1628989
Keith Bogans,1610612755,2586,1629735
Jarvis Varnado,1610612755,202363,202702
Rashard Lewis,1610612748,1740,202378
Ray Allen,1610612748,951,1628473
Shane Battier,1610612748,2203,1629655
Greg Oden,1610612748,201141,1628382
Derek Fisher,1610612760,965,1629061
Al Harrington,1610612764,1733,204065
Earl Watson,1610612757,2248,1889
Andray Blatche,1610612751,101154,203518
Jason Collins,1610612751,2215,2205
Nando De Colo,1610612761,201986,1629116
Jermaine O'Neal,1610612744,979,201983
Hilton Armstrong,1610612744,200756,1626182
Ronnie Brewer,1610612741,200758,201601
Mike James,1610612741,2229,202961
DJ White,1610612766,201591,1628476
Jan Vesely,1610612743,202686,2243
Anthony Randolph,1610612743,201576,201178
Byron Mullens,1610612755,201957,1626643
Melvin Ely,1610612740,2408,2045
Othyus Jeffers,1610612750,201785,201580
Tornike Shengelia,1610612741,203129,1626266
Royce White,1610612758,203091,1629779
Mustafa Shakur,1610612760,201203,203096
Andrew Bynum,1610612754,101115,1626260
Eric Maynor,1610612755,201953,101146
Andris Biedrins,1610612762,2740,203498
Viacheslav Kravtsov,1610612756,203139,1628982
Gustavo Ayon,1610612737,202970,2239
Antawn Jamison,1610612746,1712,1628511
Chauncey Billups,1610612765,1497,201146
Roger Mason Jr.,1610612748,2427,2207
Royal Ivey,1610612760,2767,202727
Tyshawn Taylor,1610612751,203116,1628391
Stephen Jackson,1610612746,1536,1628979
Ryan Gomes,1610612760,101155,203483
Hamady Ndiaye,1610612758,202380,1629076
Chris Smith,1610612752,203147,202385
Mike Harris,1610612762,200839,1629163
Elias Harris,1610612747,203548,947
Kwame Brown,1610612755,2198,202792
Jamaal Tinsley,1610612762,2224,1495
Dominic McGuire,1610612762,201187,201623
Kris Joseph,1610612753,203126,203507
Mickell Gladness,1610612753,202148,202336
Romero Osby,1610612753,203528,202213
Jermaine Taylor,1610612739,201966,203584
Kenny Kadji,1610612739,203483,201600
DeSagana Diop,1610612739,2205,1627753
Pops Mensah-Bonsu,1610612764,200822,200894
CJ Leslie,1610612752,203466,202690
Ike Diogu,1610612752,101113,1629625
Khalif Wyatt,1610612755,203579,1626188
Rodney Williams,1610612755,203576,204039
Carlos Morais,1610612761,203577,204040
Tony Gaffney,1610612763,202070,2732
Gani Lawal,1610612755,202371,203158
Stephen Graham,1610612749,101211,2767
Andre Barrett,1610612763,2857,1629620
Damen Bell-Holter,1610612738,203568,101115
Kammron Taylor,1610612738,202518,1629657
Daniel Nwaelele,1610612759,203327,1497
Michael Lee,1610612739,203588,1627781
Devin Ebanks,1610612742,202365,202683
Fab Melo,1610612742,203097,203147
Mickey McConnell,1610612742,203566,201595
Renaldo Balkman,1610612742,200764,1629668
Patrick O'Bryant,1610612766,200753,1628959
Mac Koshwal,1610612755,203262,202421
Courtney Fells,1610612759,203587,1626279
Gary Forbes,1610612751,201814,101124
Trent Lockett,1610612758,203556,1629133
D'or Fischer,1610612764,101217,1629020
Olek Czyz,1610612749,203589,1629635
Kyle Fogg,1610612743,203176,1629956
Corey Maggette,1610612759,1894,203262
Marcus Cousin,1610612759,202408,1626219
Myck Kabongo,1610612759,203509,202371
Marko Jaric,1610612751,2060,202360
Ron Howard,1610612754,201351,1628537
DeShawn Sims,1610612738,202586,1627854
Richard Howell,1610612757,203494,1627879
Dwayne Jones,1610612762,101204,1628449
Brandon Heath,1610612758,201635,2063
David Lighty,1610612737,203558,1863
Lazar Hayward,1610612740,202351,1627765
Mustapha Farrakhan,1610612746,203201,1628397
Eric Boateng,1610612747,202420,1627737
Dan Gadzuric,1610612747,2429,1629660
Tracy McGrady,1610612759,1503,202693
Sam Young,1610612754,201970,203458
Juwan Howard,1610612748,436,1626195
Keyon Dooling,1610612763,2039,1629717
Donte Greene,1610612763,201590,1891
Jason Kidd,1610612752,467,1903
Marcus Camby,1610612752,948,200811
Quentin Richardson,1610612752,2047,101223
Richard Hamilton,1610612741,1888,1627866
Daequan Cook,1610612741,201161,201351
Vladimir Radmanovic,1610612741,2209,204071
James White,1610612752,200778,101208
Jerry Stackhouse,1610612751,711,1629623
Johan Petro,1610612737,101130,1627766
DeShawn Stevenson,1610612737,2052,1628535
Tim Ohlbrecht,1610612745,203317,1629690
Lamar Odom,1610612746,1885,203543
Grant Hill,1610612746,255,1628462
Terrence Williams,1610612738,201944,201202
Chris Wilcox,1610612738,2404,1626202
Carlos Delfino,1610612745,2568,203109
Marquis Daniels,1610612749,2605,203111
Chris Duhon,1610612747,2768,1626147
Sasha Pavlovic,1610612757,2562,201574
Jared Jeffries,1610612757,2407,101209
Nolan Smith,1610612757,202701,203927
Hamed Haddadi,1610612756,201632,2567
Joel Przybilla,1610612749,2038,1627868
Mickael Gelabale,1610612750,101153,203915
Terrel Harris,1610612740,202227,202391
Josh Akognon,1610612742,203006,1626254
Charles Jenkins,1610612755,202724,1629738
Daniel Gibson,1610612739,200789,2768
Chris Quinn,1610612739,200809,201964
Linas Kleiza,1610612761,101132,1629739
Mickael Pietrus,1610612761,2554,1629156
Rasheed Wallace,1610612752,739,201208
Luke Walton,1610612739,2575,201972
Justin Dentmon,1610612742,202458,202738
Jeremy Pargo,1610612755,202951,1627881
Chris Wright,1610612742,203203,1627867
Rodrigue Beaubois,1610612742,201958,1626165
Kurt Thomas,1610612752,703,2429
Travis Leslie,1610612762,202727,201156
Dominique Jones,1610612742,202346,1629749
Luke Zeller,1610612756,202545,2648
Hakim Warrick,1610612766,101124,202963
Tyler Honeycutt,1610612758,202715,2038
Josh Selby,1610612763,202729,1629611
Samardo Samuels,1610612739,202396,1628477
Josh Howard,1610612750,2572,203568
Cory Higgins,1610612766,202809,201155
Troy Murphy,1610612742,2211,202935
Darko Milicic,1610612738,2545,203081
Matt Carroll,1610612740,2679,1626205
Will Conroy,1610612750,101215,101114
Brandon Roy,1610612750,200750,203148
Luke Harangody,1610612739,202376,1729
Eddy Curry,1610612742,2201,1626183
JaJuan Johnson,1610612745,202707,202075
Steven Gray,1610612764,203160,1626262
Alando Tucker,1610612749,201169,1626272
Flip Murray,1610612763,2436,1627988
Ronald Dupree,1610612763,2648,203506
Marqus Blakely,1610612746,202392,204067
Hank Thorns,1610612746,203180,2050
Rodney Carney,1610612748,200760,203544
Delonte West,1610612742,2753,204060
John Shurna,1610612752,203157,203937
Mychel Thompson,1610612752,202814,2743
Ryan Allen,1610612741,203206,202339
Carlon Brown,1610612744,203185,1628981
Lance Goulbourne,1610612744,203164,1628576
Tarence Kinsey,1610612744,200814,203805
Adam Morrison,1610612757,200747,686
Coby Karl,1610612757,201207,1626178
Demonte Harper,1610612757,203192,200781
Darnell Jackson,1610612762,201616,203480
Trent Plaisted,1610612746,201610,101112
Micah Downs,1610612738,203190,202694
Rob Kurz,1610612738,201633,1088
Devin Searcy,1610612755,203204,203497
Armon Johnson,1610612753,202356,2788
Derrick Brown,1610612759,201974,203990
Orien Greene,1610612749,101158,1629346
Blake Ahearn,1610612754,201336,1628500
Oscar Bellfield,1610612752,203155,1628453
Stephen Dennis,1610612751,202417,201941
Luke Nevill,1610612754,202075,202361
Sundiata Gaines,1610612754,202178,1628413
Solomon Alabi,1610612740,202374,1629162
Robert Dozier,1610612748,201993,1629021
Jonny Flynn,1610612765,201938,202862
Kyle Weaver,1610612763,201602,201145
Michael Dunigan,1610612763,203195,203587
Carleton Scott,1610612751,203163,202725
James Mays,1610612751,201651,203509
Anthony Carter,1610612743,1853,1740
Josh Akognon,1610612742,203191,1627954
Eddie Gill,1610612749,2109,101235
Walker Russell,1610612760,201041,1628395
Reeves Nelson,1610612747,203153,203102
Ronnie Aguilar,1610612747,203196,202348
Jamar Smith,1610612738,202446,1628421
Ben Uzoh,1610612743,202386,2668
Wesley Witherspoon,1610612759,203178,2124
Andre Emmett,1610612741,2765,1627785
Greg Somogyi,1610612747,203154,203163
Brian Butch,1610612762,202221,101127
Trey Gilder,1610612762,201821,203195
Tyler Wilkerson,1610612759,203174,1629637
Carldell Johnson,1610612737,201291,1629150
Isma'il Muhammad,1610612737,200894,201229
Kelenna Azubuike,1610612739,101235,1628680
Kevin Anderson,1610612739,203198,202070
Sean Williams,1610612738,201157,1627741
Tony Battie,1610612755,1499,203968
Craig Brackins,1610612755,202342,203112
Bobby Simmons,1610612746,2250,202390
Trey Thompkins,1610612746,202717,204029
Gilbert Arenas,1610612763,2240,1628385
Brian Scalabrine,1610612741,2243,2545
Erick Dampier,1610612737,956,203957
Christian Eyenga,1610612747,201963,201606
Mike Bibby,1610612752,1710,2032
Von Wafer,1610612753,101144,1628491
Raja Bell,1610612762,1952,1629132
Baron Davis,1610612752,1884,1627814
Brian Cardinal,1610612742,2073,203476
Jerome Dyson,1610612740,202406,1629109
Darryl Watkins,1610612740,201208,204044
Courtney Fortson,1610612745,202622,202730
Diamon Simpson,1610612745,202067,200765
Jordan Williams,1610612751,202716,201569
Shelden Williams,1610612751,200749,200793
Jamaal Magloire,1610612761,2048,101133
Derrick Byars,1610612759,201182,956
Mikki Moore,1610612744,1630,203540
Craig Smith,1610612757,200783,202691
Brad Miller,1610612750,1802,2742
Anthony Parker,1610612739,1515,1627853
Jamario Moon,1610612766,200081,201578
Morris Almond,1610612764,201165,1629136
James Singleton,1610612764,101189,101139
Maurice Evans,1610612764,2230,1628965
Jon Brockman,1610612749,201972,203468
Ben Wallace,1610612765,1112,1715
Michael Redd,1610612756,2072,1629353
Earl Boykins,1610612745,1863,2222
Rudy Fernandez,1610612743,201164,2563
Semih Erden,1610612739,201623,2401
Dennis Horner,1610612751,202862,201858
Eduardo Najera,1610612766,2059,1629066
Edwin Ubiles,1610612764,202775,1629626
Jerry Smith,1610612751,202536,2679
Andres Nocioni,1610612755,2804,203187
Jeff Foote,1610612740,202880,200758
Jeff Foster,1610612754,1902,1629685
Mehmet Okur,1610612751,2246,203473
Ryan Reid,1610612760,202385,200777
T.J. Ford,1610612759,2551,201952
Francisco Elson,1610612755,1922,1627362
Josh Davis,1610612763,2668,203940
Larry Hughes,1610612753,1716,1629010
Larry Owens,1610612751,202082,1626163
Darington Hobson,1610612749,202359,1629662
Garret Siler,1610612756,202081,204136
Brian Skinner,1610612763,1730,203191
Magnum Rolle,1610612737,202375,1628035
Pape Sy,1610612737,202377,1626305
Durrell Summers,1610612766,202872,202703
Taylor Griffin,1610612766,201981,202550
Bonzi Wells,1610612750,1719,1629234
Frank Hassell,1610612759,202912,203539
Gilbert Brown,1610612738,202904,2756
Jamal Sampson,1610612738,2441,1627783
Michael Sweetney,1610612738,2552,1629740
Walter Sharpe,1610612763,201594,1628495
Devin Green,1610612752,101209,2617
Ime Udoka,1610612751,2137,200971
Damien Wilkins,1610612765,1962936495,1626167
Vernon Macklin,1610612765,122683568,202328
Matt Rogers,1610612754,202418,203503
Tyren Johnson,1610612754,202792,200821
Drew Neitzel,1610612742,202957,1629741
Jerome Randle,1610612742,202963,1629607
Marcus Hubbard,1610612746,201647,2072
Jeremy Wise,1610612748,202217,203959
JamesOn Curry,1610612751,201191,1627786
Antoine Hood,1610612759,200852,1627832
Doug Thomas,1610612759,201230,202408
Gary Flowers,1610612744,202956,2731
Julian Khazzouh,1610612744,202961,203115
Tim Pickett,1610612744,2773,1629597
Tommy Mitchell,1610612744,202959,201974
Tommy Smith,1610612744,2596,202698
Adrian Oliver,1610612758,202935,201196
Lawrence Hill,1610612758,202797,202952
Brian Hamilton,1610612765,201266,200782
Tristan Thompson,1610612739,202770,203143
Jan Vesely,1610612764,1962936483,1626294
Brian Skinner,1610612763,1962936489,201971
Josh Davis,1610612763,201820,689
David Andersen,1610612740,2431,202951
Moses Ehambe,1610612740,201792,1962937827
Darnell Lazare,1610612754,202175,203200
Peja Stojakovic,1610612742,978,2544
Eddie House,1610612748,2067,1904
Zydrunas Ilgauskas,1610612748,980,202692
Leon Powe,1610612763,200796,1629759
Nenad Krstic,1610612738,2420,959
Carlos Arroyo,1610612738,2306,1628372
Shaquille O'Neal,1610612738,406,1628513
Joe Smith,1610612747,693,202323
Antonio McDyess,1610612759,686,201957
Malik Allen,1610612753,2124,2109
Patrick Ewing,1610612740,201607,2431
Antonio Daniels,1610612755,1498,203903
Etan Thomas,1610612737,2041,1894
Theo Ratliff,1610612747,689,2406
Al Thornton,1610612744,201154,2853
Charlie Bell,1610612744,2294,2443
Willie Warren,1610612746,202378,2067
Zabian Dowdell,1610612756,202220,202402
Derrick Caracter,1610612747,202382,203459
Pooh Jeter,1610612758,200817,203490
Mario West,1610612751,201238,203126
Julian Wright,1610612761,201153,202697
James Posey,1610612754,1899,2546
Darius Songaila,1610612755,2443,202536
Joey Graham,1610612739,101121,204002
Acie Law,1610612744,201151,201165
Quinton Ross,1610612751,2624,203210
Jarron Collins,1610612757,2260,1629684
Luther Head,1610612758,101129,1627858
Jason Williams,1610612763,1715,1629013
Sean Marks,1610612757,1752,203565
Sherron Collins,1610612766,202395,203104
Jawad Williams,1610612739,101214,201988
Morris Peterson,1610612760,2050,1629056
Antoine Wright,1610612758,101120,203922
Marcus Banks,1610612761,2556,1627740
Maurice Ager,1610612750,200772,1627836
Yao Ming,1610612745,2397,1627824
Fabricio Oberto,1610612757,101177,203502
Curtis Jerrells,1610612740,201998,1922
Joe Alexander,1610612740,201570,1629719
Stephane Lasme,1610612738,201186,204027
Darius Miles,1610612766,2032,1502
DJ Strawberry,1610612740,201199,1627782
Adam Haluska,1610612742,201183,202079
Dee Brown,1610612742,200793,203529
Vernon Hamilton,1610612765,201649,203082
Drew Naymick,1610612747,202404,101198
Aaron Miles,1610612744,101223,202217
Raymond Sykes,1610612757,202074,1629673
Kenny Hasbrouck,1610612748,202238,201602
Evan Brock,1610612737,202410,1626293
Ricardo Marsh,1610612737,202409,1627496
Richard Delk,1610612737,202411,2210
Stanley Robinson,1610612753,202383,2564
Chris Kramer,1610612749,202423,2584
Ryan Thompson,1610612762,202421,101106
Demetris Nichols,1610612762,201193,2260
Roger Powell,1610612741,101232,101181
Jason Hart,1610612750,2078,203138
James Gist,1610612759,201620,1626271
Javaris Crittenton,1610612766,201159,203952
Lance Allred,1610612754,200984,1629671
Connor Atchley,1610612758,202213,1628410
Joe Crawford,1610612758,201621,1627778
Longar Longar,1610612760,201848,1627751
Kevin Palmer,1610612764,202402,1628430
Antonio Anderson,1610612745,202079,101177
Vernon Goodridge,1610612744,202393,1626161
Chucky Atkins,1610612756,1088,200778
Anthony Mason,1610612748,202400,202324
Luke Jackson,1610612763,2739,200768
Jake Voskuhl,1610612746,2063,1629594
Jon Scheyer,1610612746,202416,203964
Kirk Penney,1610612759,2632,2754
Cedric Jackson,1610612739,202132,202717
Kenny Thomas,1610612763,1903,244
Dee Brown,1610612742,244,201961
Alexander Johnson,1610612745,200792,203933
Loren Woods,1610612739,2254,203157
Michael Finley,1610612738,714,1884
Anthony Johnson,1610612753,1533,201953
Randolph Morris,1610612737,201043,201616
Primoz Brezec,1610612749,2056,202814
Kevin Ollie,1610612760,1563,1628577
Chris Richard,1610612741,201181,202731
Devin Brown,1610612741,2484,2366
Travis Diener,1610612757,101143,203201
J.R. Giddens,1610612752,201592,204021
Jonathan Bender,1610612752,1886,1629015
Rasho Nesterovic,1610612761,1725,1628504
Mardy Collins,1610612746,200776,1629667
Chris Hunter,1610612744,201805,203912
Devean George,1610612744,1904,1628502
Josh Boone,1610612751,200767,201141
Trenton Hassell,1610612751,2239,1629058
Oliver Lafayette,1610612738,201802,200852
Sean May,1610612758,101118,255
Malik Hairston,1610612759,201612,1802
Jarvis Hayes,1610612751,2553,1628439
Adonal Foyle,1610612753,1502,203192
Nathan Jawai,1610612750,201605,204025
Steven Hunter,1610612763,2212,202918
Rafer Alston,1610612748,1747,1626189
Allen Iverson,1610612755,947,1902
Ricky Davis,1610612746,1729,1628450
Lindsey Hunter,1610612741,283,1628174
Speedy Claxton,1610612744,2049,202404
Tim Thomas,1610612742,1501,204080
Marcus Haislip,1610612759,2409,203097
Mike Wilks,1610612760,2366,201585
Othello Hunter,1610612737,201629,1627756
Roko Ukic,1610612749,101146,203077
Ryan Bowen,1610612760,1763,202351
Kareem Rush,1610612746,2416,203135
Paul Davis,1610612764,200781,203710
Desmond Mason,1610612758,2046,201621
Deron Washington,1610612765,201622,2554
Linton Johnson,1610612753,2669,1627770
Mike Taylor,1610612763,201446,2399
Will Blalock,1610612751,200807,202904
Dontell Jefferson,1610612766,200971,202797
Jared Reiner,1610612750,2876,1629352
Thomas Kelati,1610612747,202076,1629713
Courtney Sims,1610612737,201235,201966
Vincent Grier,1610612764,200813,1629721
Romel Beck,1610612745,200575,1626290
Goran Suton,1610612762,201983,201820
Anthony Roberson,1610612746,101194,101135
Quincy Douby,1610612761,200763,1626214
Carlos Powell,1610612756,201225,1628575
Dan Dickau,1610612756,2424,204079
Brandon Bowman,1610612755,200847,1629612
Spencer Nelson,1610612762,101208,203944
Leon Rodgers,1610612763,202078,204456
Maceo Baston,1610612765,1766,202379
Russell Robinson,1610612739,201781,203929
Shaun Pruitt,1610612744,202065,1627826
Lawrence Roberts,1610612754,101160,203958
Rod Benson,1610612754,200918,1629722
Wesley Matthews,1610612762,1962936250,203495
Juan Dixon,1610612737,2413,1938
Michael Ruffin,1610612760,1913,101215
Frank Robinson,1610612737,201648,201575
Dontaye Draper,1610612743,202069,101154
Michael Fey,1610612747,202071,203583
David Monds,1610612747,201776,202954
Sean Singletary,1610612755,201606,201978
Thomas Gardner,1610612763,201242,202705
Dionte Christmas,1610612755,1962936270,203469
Lanny Smith,1610612758,201831,1626269
Warren Carter,1610612752,201999,200756
Bennet Davis,1610612751,201834,1629661
Brian Hamilton,1610612751,201646,1627812
Wesley Matthews,1610612762,500032,201151
Wesley Maews,1610610762,1628778,203466
